clubName,dayOfWeek,startTime,endTime
Badminton Aris,Tuesday,17:30,21:00
Badminton Aris,Friday,17:30,21:00
Badminton Club BC82 Beetebuerg,Monday,17:00,22:00
Badminton Club BC82 Beetebuerg,Tuesday,17:00,22:00
Badminton Club BC82 Beetebuerg,Wednesday,17:00,22:00
Badminton Club BC82 Beetebuerg,Friday,17:00,22:00
Biwer Fiederball Club,Monday,18:00,22:00
Biwer Fiederball Club,Wednesday,18:15,19:30
Biwer Fiederball Club,Friday,19:30,21:00
Dauler Fiederball,Monday,18:45,21:00
Dauler Fiederball,Thursday,18:00,21:00
Badminton Club Déifferdeng,Monday,16:30,21:30
Badminton Club Déifferdeng,Tuesday,16:30,21:30
Badminton Club Déifferdeng,Wednesday,16:30,21:30
Badminton Club Déifferdeng,Friday,16:30,21:30
Badminton Club Diddeleng,Monday,18:00,21:00
Badminton Club Diddeleng,Wednesday,18:00,21:00
Badminton Fiederwäiss Ettelbréck,Monday,17:00,22:30
Badminton Fiederwäiss Ettelbréck,Wednesday,17:30,22:30
Badminton Fiederwäiss Ettelbréck,Saturday,10:30,13:00
Badminton Club Européen,Monday,18:00,21:30
Badminton Club Européen,Tuesday,17:00,21:00
Badminton Club Européen,Wednesday,17:00,21:30
Badminton Club Européen,Thursday,17:00,21:15
Badminton Club Européen,Friday,18:00,22:00
Badminton Club Hobscheid,Monday,18:00,20:00
Badminton Club Hobscheid,Wednesday,20:00,21:00
Badminton Club Hobscheid,Friday,17:00,22:00
Fiederball Izeg,Monday,14:30,20:00
Fiederball Izeg,Tuesday,13:30,22:00
Fiederball Izeg,Wednesday,17:00,22:00
Fiederball Izeg,Thursday,15:00,21:00
Fiederball Izeg,Friday,17:00,22:00
Badminton Club Jonglënster,Monday,10:00,21:00
Badminton Club Jonglënster,Tuesday,17:00,21:00
Badminton Club Jonglënster,Wednesday,17:00,22:00
Badminton Club Jonglënster,Thursday,10:00,11:30
Badminton Club Jonglënster,Friday,17:00,22:00
Badminton Club Jonglënster,Saturday,14:00,16:30
Badminton Kayldall,Tuesday,17:00,21:45
Badminton Kayldall,Wednesday,17:00,21:45
Badminton Kayldall,Friday,18:00,21:45
B.I.C.K. – Badminton International Club Kehlen,Monday,18:00,21:45
B.I.C.K. – Badminton International Club Kehlen,Tuesday,17:00,21:45
B.I.C.K. – Badminton International Club Kehlen,Thursday,17:00,21:45
Badminton Club Kopstal,Wednesday,19:00,22:00
Badminton Club Kopstal,Friday,18:30,22:00
Fiederball Reckeng/Mess,Tuesday,17:00,21:00
Fiederball Reckeng/Mess,Friday,17:00,21:00
Badminton Club Sandweiler,Wednesday,17:00,22:30
Badminton Club Sandweiler,Friday,17:00,22:30
Fiederball 1981 Schëffleng,Monday,16:45,19:30
Fiederball 1981 Schëffleng,Tuesday,16:45,21:30
Fiederball 1981 Schëffleng,Thursday,16:30,21:30
Fiederball 1981 Schëffleng,Friday,19:00,21:30
Badminton Club Schuttrange,Monday,16:00,20:00
Badminton Club Schuttrange,Wednesday,16:00,22:00
Badminton Club Schuttrange,Friday,16:00,20:00
Badminton Résidence Walfer,Monday,17:00,22:00
Badminton Résidence Walfer,Tuesday,18:30,22:00
Badminton Résidence Walfer,Wednesday,17:00,22:00
Badminton Résidence Walfer,Friday,17:00,22:00
Badminton Club Weiler-la-Tour 2000,Monday,16:30,20:00
Badminton Club Weiler-la-Tour 2000,Wednesday,16:30,21:00
Badminton Club Weiler-la-Tour 2000,Friday,18:00,21:00
